Disable,Technology,Coverage,SubSubTest,Function,Input,Output,Timeout,Production,Audit,Thread,Policy,SamplingGroup,MainCondition,UpperLimit,LowerLimit,Units,TechCondition,StopOnFail,Notes
,Fixture,HardwareCheck,,,,,,Y,Y,,,,,,,,,Y,This is Group row
,,,stationInfo_Product,stationInfo,product,,3,,,,,,,,,,,Y,
,,,stationInfo_Station_name,stationInfo,station_name,[StationName],3,,,,,,,,,,,Y,
,,,createAttr_Station_name,createAttr,"{""attributeKey"": ""Station_name"", ""attributeValue"": $[StationName]}",,3,,,,,,,,,,,Y,
,,,stationInfo_Vendor_ID,stationInfo,vendor_id,[VENDORID],3,,,,,,,,,,,Y,
,,,createAttr_Vendor_ID,createAttr,"{""attributeKey"": ""Vendor_ID"", ""attributeValue"": $[VENDORID]}",,3,,,,,,,,,,,Y,
,,,stationInfo_Slot_ID,stationInfo,channel_id,[SLOTID],3,,,,,,,,,,,Y,
,,,createAttr_Slot_ID,createAttr,"{""attributeKey"": ""Slot_ID"", ""attributeValue"": $[SLOTID]}",,3,,,,,,,,,,,Y,
,,,stationInfo_Fixture_ID,stationInfo,fixture_id,[FIXTUREID],3,,,,,,,,,,,Y,
,,,createAttr_Fixture_ID,createAttr,"{""attributeKey"": ""Fixture_ID"", ""attributeValue"": $[FIXTUREID]}",,3,,,,,,,,,,,Y,
,,,stationInfo_Xavier_FW_Version,stationInfo,mix_fw_version,[MIXFWPACKAGE],3,,,,,,,,,,,Y,
,,,createAttr_Xavier_FW_Version,createAttr,"{""attributeKey"": ""Xavier_FW_Version"", ""attributeValue"": $[MIXFWPACKAGE]}",,3,,,,,,,,,,,Y,
,,,ResetAll,callRPCFunc,"{""command"": ""mixdevice.reset""}",,3,,,,,,,,,,,,
,POWER_OFF,Resistance,,,,,,Y,Y,,,,,,,,,Y,
,,,CCS_Enable_1000mV_3uA,callRPCFunc,"{""command"": ""mixdevice.setup_source"", ""args"": [1000, 3]}",,3,,,,,,,,,,,,
,,,NTC2_NRF_131_TO_GND,callRPCFunc,"{""command"": ""mixdevice.measureResistance"", ""args"": [""RESISTANCE_NTC2_NRF_131_TO_GND"", 2]}",,9,,,,,,,165,50,kohm,,,
,,,Relay_Disconnect_DUT_GND_TO_FIXTURE_GND,callRPCFunc,"{""command"": ""mixdevice.relay"", ""args"": [""DUT_GND_TO_FIXTURE_GND"", ""DISCONNECT""]}",,3,,,,,,,,,,,,
,,,CCS_Enable_1000mV_100uA,callRPCFunc,"{""command"": ""mixdevice.setup_source"", ""args"": [1000, 100]}",,3,,,,,,,,,,,,
,,,I2C_NRF_ACCEL_A51_SDA_TO_PP1V8,callRPCFunc,"{""command"": ""mixdevice.measureResistance"", ""args"": [""RESISTANCE_I2C_NRF_ACCEL_A51_SDA_TO_PP1V83"", 1]}",,6,,,,,,,2.4,2,kohm,,,
,,,I2C_NRF_ACCEL_A51_SCL_TO_PP1V8,callRPCFunc,"{""command"": ""mixdevice.measureResistance"", ""args"": [""RESISTANCE_I2C_NRF_ACCEL_A51_SCL_TO_PP1V83"", 1]}",,6,,,,,,,2.4,2,kohm,,,
,,,I2C_NRF_CHGR_SDA_TO_PP1V8,callRPCFunc,"{""command"": ""mixdevice.measureResistance"", ""args"": [""RESISTANCE_I2C_NRF_CHG_SDA_TO_PP1V83"", 1]}",,6,,,,,,,2.4,2,kohm,,,
,,,I2C_NRF_CHGR_SCL_TO_PP1V8,callRPCFunc,"{""command"": ""mixdevice.measureResistance"", ""args"": [""RESISTANCE_I2C_NRF_CHG_SCL_TO_PP1V83"", 1]}",,6,,,,,,,2.4,2,kohm,,,
,,,I2C_NRF_PDC_ULPOD_SDA_TO_PP1V8,callRPCFunc,"{""command"": ""mixdevice.measureResistance"", ""args"": [""RESISTANCE_I2C_NRF_PDC_ULPOD_SDA_TO_PP1V83"", 1]}",,6,,,,,,,2.4,2,kohm,,,
,,,I2C_NRF_PDC_ULPOD_SCL_TO_PP1V8,callRPCFunc,"{""command"": ""mixdevice.measureResistance"", ""args"": [""RESISTANCE_I2C_NRF_PDC_ULPOD_SCL_TO_PP1V83"", 1]}",,6,,,,,,,2.4,2,kohm,,,
,,,I2C_NRF_BMU_SDA_TO_PP1V8,callRPCFunc,"{""command"": ""mixdevice.measureResistance"", ""args"": [""RESISTANCE_I2C_NRF_BMU_SDA_TO_PP1V83"", 1]}",,6,,,,,,,2.4,2,kohm,,,
,,,I2C_NRF_BMU_SCL_TO_PP1V8,callRPCFunc,"{""command"": ""mixdevice.measureResistance"", ""args"": [""RESISTANCE_I2C_NRF_BMU_SCL_TO_PP1V83"", 1]}",,6,,,,,,,2.4,2,kohm,,,
,POWER_OFF,Leakage,,,,,,Y,Y,,,,,,,,,Y,
,,,Relay_DUT_GND_TO_FIXTURE_GND,callRPCFunc,"{""command"": ""mixdevice.relay"", ""args"": [""DUT_GND_TO_FIXTURE_GND""]}",,3,,,,,,,,,,,,
,,,CCS_Enable_500mV_200uA,callRPCFunc,"{""command"": ""mixdevice.setup_source"", ""args"": [500, 200]}",,3,,,,,,,,,,,,
,,,Delay_2000ms,delay,2000,,3,,,,,,,,,,,,
,,,Measure_Leakage_PP_VSYS,callRPCFunc,"{""command"": ""mixdevice.checkLeakage"", ""args"": [""DUT_PP_VSYS_SNS_TO_CCS"", 1, ""7000mv""], ""csvUnit"": ""ua""}",,6,,,,,,,1,-1,mA,,,
,,,Measure_Leakage_PP5V_AON,callRPCFunc,"{""command"": ""mixdevice.checkLeakage"", ""args"": [""DUT_PP5V_AON_SNS_TO_CCS"", 1, ""7000mv""], ""csvUnit"": ""ua""}",,6,,,,,,,1,-1,mA,,,
,,,Measure_Leakage_PP3V3_AON,callRPCFunc,"{""command"": ""mixdevice.checkLeakage"", ""args"": [""DUT_PP3V3_AON_SNS_TO_CCS"", 1, ""7000mv""], ""csvUnit"": ""ua""}",,6,,,,,,,1,-1,mA,,,
,,,Measure_Leakage_PP3V3_PDC,callRPCFunc,"{""command"": ""mixdevice.checkLeakage"", ""args"": [""DUT_PP3V3_PDC_TO_CCS"", 1, ""7000mv""], ""csvUnit"": ""ua""}",,6,,,,,,,1,-1,mA,,,
,,,Measure_Leakage_PP1V83,callRPCFunc,"{""command"": ""mixdevice.checkLeakage"", ""args"": [""DUT_PP1V83_TO_CCS"", 1, ""7000mv""], ""csvUnit"": ""ua""}",,6,,,,,,,1,-1,mA,,,
,,,ResetAll,callRPCFunc,"{""command"": ""mixdevice.reset""}",,3,,,,,,,,,,,,
,System_Info,SYS_RST_CURRENT,,,,,,Y,Y,,,,,,,,,Y,
,,,Relay_Connect_DUT_NRF2SYS_SHDN_1KPULLDOWN,callRPCFunc,"{""command"": ""mixdevice.relay"", ""args"": [""DUT_NRF2SYS_SHDN_1KPULLDOWN""]}",,3,,,,,,,,,,,,
,,,Pull_Up_SYS_RST,callRPCFunc,"{""command"": ""mixdevice.relay"", ""args"": [""DUT_SYS_RST_1KPULLUP""]}",,3,,,,,,,,,,,,
,,,Relay_Connect_DUT_PP_VSYS_TO_PSU_BATTERY_POS1,callRPCFunc,"{""command"": ""mixdevice.relay"", ""args"": [""DUT_PP_VSYS_TO_PSU_BATTERY_POS1""]}",,3,,,,,,,,,,,,
,,,Power_On_PP_VSYS_8V,callRPCFunc,"{""command"": ""mixdevice.enable_battery_output"", ""args"": [8000, 5000]}",,3,,,,,,,,,,,,
,,,Delay_1000ms,delay,1000,,3,,,,,,,,,,,,
,,,Reset_Current_System,measureCurrentByPSU,"{""module"": ""battery"", ""count"": 2, ""max_range"": 10, ""disUart"":1}",,3,,,,,,,2,0.1,mA,,,
,,,Release_SYS_RST,callRPCFunc,"{""command"": ""mixdevice.relay"", ""args"": [""DUT_SYS_RST_1KPULLUP"", ""DISCONNECT""]}",,3,,,,,,,,,,,,
,,,Delay_5000ms,delay,5000,,3,,,,,,,,,,,,
,System_Info,SYS_POWER,,,,,,Y,Y,,,,,,,,,Y,
,,,PP_VSYS_I,measureCurrentByPSU,"{""module"": ""battery"", ""count"": 2, ""max_range"": 10, ""disUart"":1}",,3,,,,,,,2,0.1,mA,,,
,,,PP_VSYS_V,callRPCFunc,"{""command"": ""mixdevice.measureVoltageWithDMM"", ""args"": [""ch0"", ""7000mv"", ""DUT_PP_VSYS_SNS_TO_DMMCH0"", 5, 1, 1]}",,3,,,,,,,8100,7900,mV,,,
,,,PP5V0_AON_V,callRPCFunc,"{""command"": ""mixdevice.measureVoltageWithDMM"", ""args"": [""ch0"", ""7000mv"", ""DUT_PP5V_AON_SNS_TO_DMMCH0"", 5, 1, 1]}",,3,,,,,,,5300,5100,mV,,,
,,,PP1V83_AON_V,callRPCFunc,"{""command"": ""mixdevice.measureVoltageWithDMM"", ""args"": [""ch0"", ""7000mv"", ""DUT_PP1V83_AON_SNS_TO_DMMCH0"", 5, 1, 1]}",,3,,,,,,,1900,1750,mV,,,
,,,PP1V83_V,callRPCFunc,"{""command"": ""mixdevice.measureVoltageWithDMM"", ""args"": [""ch0"", ""7000mv"", ""DUT_PP1V83_TO_DMMCH0"", 5, 1, 1]}",,3,,,,,,,1900,1750,mV,,,
,,,PP3V3_AON_V,callRPCFunc,"{""command"": ""mixdevice.measureVoltageWithDMM"", ""args"": [""ch0"", ""7000mv"", ""DUT_PP3V3_AON_SNS_TO_DMMCH0"", 5, 1, 1]}",,3,,,,,,,3400,3200,mV,,,
,,,PP3V3_PDC_V,callRPCFunc,"{""command"": ""mixdevice.measureVoltageWithDMM"", ""args"": [""ch0"", ""7000mv"", ""DUT_PP3V3_PDC_TO_DMMCH0"", 5, 1, 1]}",,3,,,,,,,3400,3200,mV,,,
,,,PP3V3_DECUSB_V,callRPCFunc,"{""command"": ""mixdevice.measureVoltageWithDMM"", ""args"": [""ch0"", ""7000mv"", ""DUT_PP3V3_DECUSB_TO_DMMCH0"", 5, 1, 1]}",,3,,,,,,,3400,3200,mV,,,
,,,PP_RADIO_DECRF_V,callRPCFunc,"{""command"": ""mixdevice.measureVoltageWithDMM"", ""args"": [""ch0"", ""7000mv"", ""DUT_PP_RADIO_DECRF_TO_DMMCH0"", 5, 1, 1]}",,3,,,,,,,950,850,mV,,,
,System_Info,SYS_Info,,,,,,Y,Y,,,,,,,,,Y,
,,,Detect_Diags,detectDiagsUsb,"{""targetString"": ""32mcdc""}",,1,,,,,,,,,,,,
,,,Read_MLB_SN,readMLBSN,"{""command"": ""nvm factory read MLB#"", ""needParse"": ""TRUE"", ""delimiter"": ""[m"", ""ifUseUsb"": 1}",[MLBSN],3,,,,,,,,,,,,
,,,HWID_Ver,diagsUsb,"{""command"": ""sys board_rev"", ""needParse"": ""TRUE""}",,3,,,,,,,,PROTO1;EVT,string,,,
,,,FW_Ver_NRF,diagsUsb,"{""command"": ""app version"", ""needParse"": ""TRUE"", ""attributeKey"": ""NRF_FW_Version""}",,3,,,,,,,,0.0.8,string,,,
,,,Flash_ID,diagsUsb,"{""command"": ""device list"", ""needParse"": ""TRUE"", ""attributeKey"": ""Flash_id""}",,20,,,,,,,,gd25le32e@0 (READY),string,,,
,,,Flash_Write_Read_Test,flashTest,"{""writeData"": ""11"", ""ifUseUsb"": 1}",,20,,,,,,,1,1,,,,
,System_Info,NRF_NTC,,,,,,Y,Y,,,,,,,,,,
,,,NTC2_TEMP,readDUTSensor,"{""command"": ""sensor get tsoc"", ""needParse"": ""TRUE"", ""ifUseUsb"": 1}",,3,,,,,,,30,20,C,,,
,,,BST_NTC0_TEMP,readDUTSensor,"{""command"": ""sensor get tbst"", ""needParse"": ""TRUE"", ""net"": ""DUT_BST_NTC0_NRF_129_TO_DUMMY1_1V8_NTC"", ""ifUseUsb"": 1}",,6,,,,,,,30,20,C,,,
,,,CMC_NTC1_TEMP,readDUTSensor,"{""command"": ""sensor get tcmc"", ""needParse"": ""TRUE"", ""net"": ""DUT_CMC_NTC1_NRF_130_TO_DUMMY2_1V8_NTC"", ""ifUseUsb"": 1}",,6,,,,,,,30,20,C,,,
,Calibration_NTC,NTC2_10C,,,,,,Y,Y,,,,,,,,,,
,,,Relay_Connect_DUT_NTC2_NRF_131_TO_CCS,callRPCFunc,"{""command"": ""mixdevice.relay"", ""args"": [""DUT_NTC2_NRF_131_TO_CCS""]}",,3,,,,,,,,,,,,
,,,CCS_Enable_1500mV_1mA,callRPCFunc,"{""command"": ""mixdevice.setup_source"", ""args"": [1500, 10]}",,3,,,,,,,,,,,,
,,,Delay_1000ms,delay,1000,,3,,,,,,,,,,,,
,,,NTC2_TEMP,readDUTSensor,"{""command"": ""sensor get tsoc"", ""needParse"": ""TRUE"", ""ifUseUsb"": 1}",[DUT_NTC2],3,,,,,,,,,C,,,
,,,DMM_READ_NTC2_V,callRPCFunc,"{""command"": ""mixdevice.measureVoltageWithDMM"", ""args"": [""ch0"", ""7000mv"", ""DUT_NTC2_NRF_131_TO_DMMCH0"", 5, 1, 1]}",[NTC2_VOLT],3,,,,,,,1550,1450,mV,,,
,,,DMM_READ_PP1V83_V,callRPCFunc,"{""command"": ""mixdevice.measureVoltageWithDMM"", ""args"": [""ch0"", ""7000mv"", ""DUT_PP1V83_TO_DMMCH0"", 5, 1, 1]}",[PP1V83],3,,,,,,,1900,1750,mV,,,
,,,Calculate-NTC2_Temp,calculateTemp,"{""vTotal"": $[PP1V83], ""vNTC"": $[NTC2_VOLT], ""resPullUp"": 47000, ""B"": 4250, ""res25"": 100000}",[Fixture_NTC2],3,,,,,,,11,9,C,,,
,,,TEMP_OFFSET,calculate,"{""inputs"":[$[Fixture_NTC2],$[DUT_NTC2]],""expression"":""%s-%s""}",[Tmp_Offset_NTC2],3,,,,,,,,,C,,,
,Calibration_NTC,NTC2_45C,,,,,,Y,Y,,,,,,,,,,
,,,CCS_Enable_850mV_1mA,callRPCFunc,"{""command"": ""mixdevice.setup_source"", ""args"": [850, 10]}",,3,,,,,,,,,,,,
,,,Delay_1000ms,delay,1000,,3,,,,,,,,,,,,
,,,NTC2_TEMP,readDUTSensor,"{""command"": ""sensor get tsoc"", ""needParse"": ""TRUE"", ""ifUseUsb"": 1}",[DUT_NTC2],3,,,,,,,,,C,,,
,,,DMM_READ_NTC2_V,callRPCFunc,"{""command"": ""mixdevice.measureVoltageWithDMM"", ""args"": [""ch0"", ""7000mv"", ""DUT_NTC2_NRF_131_TO_DMMCH0"", 5, 1, 1]}",[NTC2_VOLT],3,,,,,,,900,800,mV,,,
,,,DMM_READ_PP1V83_V,callRPCFunc,"{""command"": ""mixdevice.measureVoltageWithDMM"", ""args"": [""ch0"", ""7000mv"", ""DUT_PP1V83_TO_DMMCH0"", 5, 1, 1]}",[PP1V83],3,,,,,,,1900,1750,mV,,,
,,,Calculate-NTC2_Temp,calculateTemp,"{""vTotal"": $[PP1V83], ""vNTC"": $[NTC2_VOLT], ""resPullUp"": 47000, ""B"": 4250, ""res25"": 100000}",[Fixture_NTC2],3,,,,,,,46,44,C,,,
,Calibration_NTC,NTC2_After_Cal,,,,,,Y,Y,,,,,,,,,,
,,,TEMP_OFFSET,calculate,"{""inputs"":[$[Fixture_NTC2],$[DUT_NTC2]],""expression"":""%s-%s""}",[Tmp_Offset_NTC2],3,,,,,,,,,C,,,
,,,TEMP_OFFSET_Hex,floatToHex,"{""inputs"":$[Tmp_Offset_NTC2], ""attributeKey"": ""tSOC_offset""}",[Tmp_Offset_NTC2_Hex],3,,,,,,,,,,,,
,,,Write_NTC2_TEMP_Offset,diagsUsb,"{""command"": ""nvm factory write tSoC %s"", ""inputs"": $[Tmp_Offset_NTC2_Hex]}",,3,,,,,,,,,,,,
,,,Read_NTC2_TEMP_Offset,diagsUsb,"{""command"": ""nvm factory read tSoC"", ""needParse"": ""TRUE""}",[Tmp_Offset_NTC2_Read],3,,,,,,,,,,,,
,,,TEMP_OFFSET_Float,hexToFloat,"{""inputs"":$[Tmp_Offset_NTC2_Read]}",,3,,,,,,,,,,,,
,,,Disable_CCS,callRPCFunc,"{""command"": ""openshort.reset""}",,3,,,,,,,,,,,,
,,,Relay_Disconnect_DUT_NTC2_NRF_131_TO_CCS,callRPCFunc,"{""command"": ""mixdevice.relay"", ""args"": [""DUT_NTC2_NRF_131_TO_CCS"", ""DISCONNECT""]}",,3,,,,,,,,,,,,
,Calibration_NTC,NTC1_10C,,,,,,Y,Y,,,,,,,,,,
,,,Relay_Connect_DUT_CMC_NTC1_NRF_130_TO_CCS,callRPCFunc,"{""command"": ""mixdevice.relay"", ""args"": [""DUT_CMC_NTC1_NRF_130_TO_CCS""]}",,3,,,,,,,,,,,,
,,,CCS_Enable_1500mV_1mA,callRPCFunc,"{""command"": ""mixdevice.setup_source"", ""args"": [1500, 10]}",,3,,,,,,,,,,,,
,,,Delay_1000ms,delay,1000,,3,,,,,,,,,,,,
,,,NTC1_TEMP,readDUTSensor,"{""command"": ""sensor get tcmc"", ""needParse"": ""TRUE"", ""ifUseUsb"": 1}",[DUT_NTC1],3,,,,,,,,,C,,,
,,,DMM_READ_CMC_NTC1_NRF_130_V,callRPCFunc,"{""command"": ""mixdevice.measureVoltageWithDMM"", ""args"": [""ch0"", ""7000mv"", ""DUT_CMC_NTC1_NRF_130_TO_DMMCH0"", 5, 1, 1]}",[NTC1_VOLT],3,,,,,,,1550,1450,mV,,,
,,,DMM_READ_PP1V83_V,callRPCFunc,"{""command"": ""mixdevice.measureVoltageWithDMM"", ""args"": [""ch0"", ""7000mv"", ""DUT_PP1V83_TO_DMMCH0"", 5, 1, 1]}",[PP1V83],3,,,,,,,1900,1750,mV,,,
,,,Calculate-NTC1_Temp,calculateTemp,"{""vTotal"": $[PP1V83], ""vNTC"": $[NTC1_VOLT], ""resPullUp"": 47000, ""B"": 4250, ""res25"": 100000}",[Fixture_NTC1],3,,,,,,,11,9,C,,,
,,,TEMP_OFFSET,calculate,"{""inputs"":[$[Fixture_NTC1],$[DUT_NTC1]],""expression"":""%s-%s""}",[Tmp_Offset_NTC1],3,,,,,,,,,C,,,
,Calibration_NTC,NTC1_45C,,,,,,Y,Y,,,,,,,,,,
,,,CCS_Enable_850mV_1mA,callRPCFunc,"{""command"": ""mixdevice.setup_source"", ""args"": [850, 10]}",,3,,,,,,,,,,,,
,,,Delay_1000ms,delay,1000,,3,,,,,,,,,,,,
,,,NTC1_TEMP,readDUTSensor,"{""command"": ""sensor get tcmc"", ""needParse"": ""TRUE"", ""ifUseUsb"": 1}",[DUT_NTC1],3,,,,,,,,,C,,,
,,,DMM_READ_CMC_NTC1_NRF_130_V,callRPCFunc,"{""command"": ""mixdevice.measureVoltageWithDMM"", ""args"": [""ch0"", ""7000mv"", ""DUT_CMC_NTC1_NRF_130_TO_DMMCH0"", 5, 1, 1]}",[NTC1_VOLT],3,,,,,,,900,800,mV,,,
,,,DMM_READ_PP1V83_V,callRPCFunc,"{""command"": ""mixdevice.measureVoltageWithDMM"", ""args"": [""ch0"", ""7000mv"", ""DUT_PP1V83_TO_DMMCH0"", 5, 1, 1]}",[PP1V83],3,,,,,,,1900,1750,mV,,,
,,,Calculate-NTC1_Temp,calculateTemp,"{""vTotal"": $[PP1V83], ""vNTC"": $[NTC1_VOLT], ""resPullUp"": 47000, ""B"": 4250, ""res25"": 100000}",[Fixture_NTC1],3,,,,,,,46,44,C,,,
,Calibration_NTC,NTC1_After_Cal,,,,,,Y,Y,,,,,,,,,,
,,,TEMP_OFFSET,calculate,"{""inputs"":[$[Fixture_NTC1],$[DUT_NTC1]],""expression"":""%s-%s""}",[Tmp_Offset_NTC1],3,,,,,,,,,C,,,
,,,TEMP_OFFSET_Hex,floatToHex,"{""inputs"":$[Tmp_Offset_NTC1], ""attributeKey"": ""tCMC_offset""}",[Tmp_Offset_NTC1_Hex],3,,,,,,,,,,,,
,,,Write_NTC1_TEMP_Offset,diagsUsb,"{""command"": ""nvm factory write tCMC %s"", ""inputs"": $[Tmp_Offset_NTC1_Hex]}",,3,,,,,,,,,,,,
,,,Read_NTC1_TEMP_Offset,diagsUsb,"{""command"": ""nvm factory read tCMC"", ""needParse"": ""TRUE""}",[Tmp_Offset_NTC1_Read],3,,,,,,,,,,,,
,,,TEMP_OFFSET_Float,hexToFloat,"{""inputs"":$[Tmp_Offset_NTC1_Read]}",,3,,,,,,,,,,,,
,,,Disable_CCS,callRPCFunc,"{""command"": ""openshort.reset""}",,3,,,,,,,,,,,,
,,,Relay_Disconnect_DUT_CMC_NTC1_NRF_130_TO_CCS,callRPCFunc,"{""command"": ""mixdevice.relay"", ""args"": [""DUT_CMC_NTC1_NRF_130_TO_CCS"", ""DISCONNECT""]}",,3,,,,,,,,,,,,
,Calibration_NTC,NTC0_10C,,,,,,Y,Y,,,,,,,,,,
,,,Relay_Connect_DUT_BST_NTC0_NRF_129_TO_CCS,callRPCFunc,"{""command"": ""mixdevice.relay"", ""args"": [""DUT_BST_NTC0_NRF_129_TO_CCS""]}",,3,,,,,,,,,,,,
,,,CCS_Enable_1500mV_1mA,callRPCFunc,"{""command"": ""mixdevice.setup_source"", ""args"": [1500, 10]}",,3,,,,,,,,,,,,
,,,Delay_1000ms,delay,1000,,3,,,,,,,,,,,,
,,,NTC0_TEMP,readDUTSensor,"{""command"": ""sensor get tbst"", ""needParse"": ""TRUE"", ""ifUseUsb"": 1}",[DUT_NTC0],3,,,,,,,,,C,,,
,,,DMM_READ_BST_NTC0_NRF_129_V,callRPCFunc,"{""command"": ""mixdevice.measureVoltageWithDMM"", ""args"": [""ch0"", ""7000mv"", ""DUT_BST_NTC0_NRF_129_TO_DMMCH0"", 5, 1, 1]}",[NTC0_VOLT],3,,,,,,,1550,1450,mV,,,
,,,DMM_READ_PP1V83_V,callRPCFunc,"{""command"": ""mixdevice.measureVoltageWithDMM"", ""args"": [""ch0"", ""7000mv"", ""DUT_PP1V83_TO_DMMCH0"", 5, 1, 1]}",[PP1V83],3,,,,,,,1900,1750,mV,,,
,,,Calculate-NTC0_Temp,calculateTemp,"{""vTotal"": $[PP1V83], ""vNTC"": $[NTC0_VOLT], ""resPullUp"": 47000, ""B"": 4250, ""res25"": 100000}",[Fixture_NTC0],3,,,,,,,11,9,C,,,
,,,TEMP_OFFSET,calculate,"{""inputs"":[$[Fixture_NTC0],$[DUT_NTC0]],""expression"":""%s-%s""}",[Tmp_Offset_NTC0],3,,,,,,,,,C,,,
,Calibration_NTC,NTC0_45C,,,,,,Y,Y,,,,,,,,,,
,,,CCS_Enable_850mV_1mA,callRPCFunc,"{""command"": ""mixdevice.setup_source"", ""args"": [850, 10]}",,3,,,,,,,,,,,,
,,,Delay_1000ms,delay,1000,,3,,,,,,,,,,,,
,,,NTC0_TEMP,readDUTSensor,"{""command"": ""sensor get tbst"", ""needParse"": ""TRUE"", ""ifUseUsb"": 1}",[DUT_NTC0],3,,,,,,,,,C,,,
,,,DMM_READ_BST_NTC0_NRF_129_V,callRPCFunc,"{""command"": ""mixdevice.measureVoltageWithDMM"", ""args"": [""ch0"", ""7000mv"", ""DUT_BST_NTC0_NRF_129_TO_DMMCH0"", 5, 1, 1]}",[NTC0_VOLT],3,,,,,,,900,800,mV,,,
,,,DMM_READ_PP1V83_V,callRPCFunc,"{""command"": ""mixdevice.measureVoltageWithDMM"", ""args"": [""ch0"", ""7000mv"", ""DUT_PP1V83_TO_DMMCH0"", 5, 1, 1]}",[PP1V83],3,,,,,,,1900,1750,mV,,,
,,,Calculate-NTC0_Temp,calculateTemp,"{""vTotal"": $[PP1V83], ""vNTC"": $[NTC0_VOLT], ""resPullUp"": 47000, ""B"": 4250, ""res25"": 100000}",[Fixture_NTC0],3,,,,,,,46,44,C,,,
,Calibration_NTC,NTC0_After_Cal,,,,,,Y,Y,,,,,,,,,,
,,,TEMP_OFFSET,calculate,"{""inputs"":[$[Fixture_NTC0],$[DUT_NTC0]],""expression"":""%s-%s""}",[Tmp_Offset_NTC0],3,,,,,,,,,C,,,
,,,TEMP_OFFSET_Hex,floatToHex,"{""inputs"":$[Tmp_Offset_NTC0], ""attributeKey"": ""tBST_offset""}",[Tmp_Offset_NTC0_Hex],3,,,,,,,,,,,,
,,,Write_NTC0_TEMP_Offset,diagsUsb,"{""command"": ""nvm factory write tBST %s"", ""inputs"": $[Tmp_Offset_NTC0_Hex]}",,3,,,,,,,,,,,,
,,,Read_NTC0_TEMP_Offset,diagsUsb,"{""command"": ""nvm factory read tBST"", ""needParse"": ""TRUE""}",[Tmp_Offset_NTC0_Read],3,,,,,,,,,,,,
,,,TEMP_OFFSET_Float,hexToFloat,"{""inputs"":$[Tmp_Offset_NTC0_Read]}",,3,,,,,,,,,,,,
,,,Disable_CCS,callRPCFunc,"{""command"": ""openshort.reset""}",,3,,,,,,,,,,,,
,,,Relay_Connect_DUT_BST_NTC0_NRF_129_TO_CCS,callRPCFunc,"{""command"": ""mixdevice.relay"", ""args"": [""DUT_BST_NTC0_NRF_129_TO_CCS""]}",,3,,,,,,,,,,,,
,,,ResetAll,callRPCFunc,"{""command"": ""mixdevice.reset""}",,3,,,,,,,,,,,,

,Buck_5V,No_Load,,,,,,Y,Y,,,,,,,,,,
,,,Relay_Connect_DUT_PP_VSYS_TO_PSU_BATTERY_POS1,callRPCFunc,"{""command"": ""mixdevice.relay"", ""args"": [""DUT_PP_VSYS_TO_PSU_BATTERY_POS1""]}",,3,,,,,,,,,,,,
,,,Power_On_PP_VSYS_8V,callRPCFunc,"{""command"": ""mixdevice.enable_battery_output"", ""args"": [8000, 5000]}",,3,,,,,,,,,,,,
,,,Delay_5000ms,delay,5000,,3,,,,,,,,,,,,
,,,PP5V_AON_V_No_Load,callRPCFunc,"{""command"": ""mixdevice.measureVoltageWithDMM"", ""args"": [""ch0"", ""7000mv"", ""DUT_PP5V_AON_SNS_TO_DMMCH0"", 5, 1, 1]}",,3,,,,,,,5300,5100,mV,,,
,,,PP_VSYS_I_No_Load,measureCurrentByPSU,"{""module"": ""battery"", ""count"": 2, ""max_range"": 10, ""disLvs"": 1}",[PP_VSYS_I_No_Load],3,,,,,,,2,0.01,mA,,,
,,,Ripple_No_Load,callRPCFunc,"{""command"": ""mixdevice.ripple_measure"", ""args"": [""10K"", ""DUT_PP5V_AON_SNS_TO_RIPPLE_BOARD""]}",,9,,,,,,,100,0,mV,,,

,Buck_5V,Load_200mA_PP5V_AON,,,,,,Y,Y,,,,,,,,,,
,,,Relay_Connect_DUT_PP5V_AON_TO_E_LOAD_1_INPUT2,callRPCFunc,"{""command"": ""mixdevice.relay"", ""args"": [""DUT_PP5V_AON_TO_E_LOAD_1_INPUT2""]}",,3,,,,,,,,,,,,
,,,Eload1_Enable_200mA_PP5V_AON,callRPCFunc,"{""command"": ""mixdevice.set_eload_current_ma"", ""args"": [200]}",,3,,,,,,,,,,,,
,,,Delay_1000ms,delay,1000,,3,,,,,,,,,,,,
,,,PP_VSYS_V_Load_200mA,callRPCFunc,"{""command"": ""mixdevice.measureVoltageWithDMM"", ""args"": [""ch0"", ""7000mv"", ""DUT_PP_VSYS_SNS_TO_DMMCH0"", 5, 1, 1]}",[VSYS_V_Load_200mA],3,,,,,,,8100,7900,mV,,,
,,,PP_VSYS_I_Load_200mA,measureCurrentByPSU,"{""module"": ""battery"", ""count"": 2, ""disLvs"": 1}",[VSYS_I_Load_200mA],3,,,,,,,160,120,mA,,,
,,,PP5V_AON_V_Load_200mA,callRPCFunc,"{""command"": ""mixdevice.measureVoltageWithDMMC"", ""args"": [""ch0"", ""7000mv"", ""DUT_PP5V_AON_SNS_TO_DMMCH0"", 5, 1, 1]}",[PP5V_AON_V_Load_200mA],3,,,,,,,5250,5050,mV,,,
,,,Buck_5V_Output_Current_Load_200mA,callRPCFunc,"{""command"": ""mixdevice.measure_eload_current_ma""}",[Buck_5V_Output_Current],3,,,,,,,210,190,mA,,,
,,,Ripple_Load_200mA,callRPCFunc,"{""command"": ""mixdevice.ripple_measure"", ""args"": [""10K"", ""DUT_PP5V_AON_SNS_TO_RIPPLE_BOARD""]}",,9,,,,,,,100,0,mV,,,
,,,Eff_Load_200mA,calculate,"{""inputs"":[$[Buck_5V_Output_Current],$[PP5V_AON_V_Load_200mA], $[VSYS_I_Load_200mA], $[PP_VSYS_I_No_Load], $[VSYS_V_Load_200mA]],""expression"":""((%s*%s)/((%s-%s)*%s))*100""}",,3,,,,,,,95,90,%,,,
,,,Eload1_Disable,callRPCFunc,"{""command"": ""mixdevice.set_eload_current_ma"", ""args"": [0]}",,3,,,,,,,,,,,,
,,,Delay_2000ms,delay,2000,,3,,,,,,,,,,,,
,,,Relay_Disconnect_DUT_PP5V_AON_TO_E_LOAD_1_INPUT2,callRPCFunc,"{""command"": ""mixdevice.relay"", ""args"": [""DUT_PP5V_AON_TO_E_LOAD_1_INPUT2"", ""DISCONNECT""]}",,3,,,,,,,,,,,,
,Buck_3V3,No_Load,,,,,,Y,Y,,,,,,,,,,
,,,PP3V3_AON_V_No_Load,callRPCFunc,"{""command"": ""mixdevice.measureVoltageWithDMM"", ""args"": [""ch0"", ""7000mv"", ""DUT_PP3V3_AON_SNS_TO_DMMCH0"", 5, 1, 1]}",,3,,,,,,,3400,3200,mV,,,
,,,PP3V3_PDC_V_No_Load,callRPCFunc,"{""command"": ""mixdevice.measureVoltageWithDMM"", ""args"": [""ch0"", ""7000mv"", ""DUT_PP3V3_PDC_TO_DMMCH0"", 5, 1, 1]}",,3,,,,,,,3400,3200,mV,,,
,,,PP_VSYS_I_No_Load,measureCurrentByPSU,"{""module"": ""battery"", ""count"": 2, ""max_range"": 10, ""disLvs"": 1}",[PP_VSYS_I_No_Load_3V3],3,,,,,,,2,0.1,mA,,,
,,,Ripple_No_Load,dmmMeasureRipple,"{""net"": ""DUT_PP3V3_AON_SNS_TO_RIPPLE_BOARD"", ""channel"": ""ch0"", ""scope"": ""7000mv"", ""sampleRate"": 1000, ""duration"": 3000, ""resolution"": 0.005,""fileName"":""PP3V3_Ripple_No_load.csv""}",,20,,,,,,,50,0,mV,,,
,Buck_3V3,Load_200mA_PP3V3_PDC,,,,,,Y,Y,,,,,,,,,,
,,,Relay_Connect_DUT_PP3V3_PDC_TO_E_LOAD_1_INPUT5,callRPCFunc,"{""command"": ""mixdevice.relay"", ""args"": [""DUT_PP3V3_PDC_TO_E_LOAD_1_INPUT5""]}",,3,,,,,,,,,,,,
,,,Eload1_Enable_200mA_PP3V3_PDC,callRPCFunc,"{""command"": ""mixdevice.set_eload_current_ma"", ""args"": [200]}",,3,,,,,,,,,,,,
,,,Delay_1000ms,delay,1000,,3,,,,,,,,,,,,
,,,PP_VSYS_V_Load_200mA,callRPCFunc,"{""command"": ""mixdevice.measureVoltageWithDMM"", ""args"": [""ch0"", ""7000mv"", ""DUT_PP_VSYS_SNS_TO_DMMCH0"", 5, 1, 1]}",[VSYS_V_Load_200mA_3V3],3,,,,,,,8100,7900,mV,,,
,,,PP_VSYS_I_Load_200mA,measureCurrentByPSU,"{""module"": ""battery"", ""count"": 2, ""disLvs"": 1}",[VSYS_I_Load_200mA_3V3],3,,,,,,,110,80,mA,,,
,,,PP3V3_AON_V_200mA_Load,callRPCFunc,"{""command"": ""mixdevice.measureVoltageWithDMM"", ""args"": [""ch0"", ""7000mv"", ""DUT_PP3V3_AON_SNS_TO_DMMCH0"", 5, 1, 1]}",[PP3V3_AON_V_Load_200mA_3V3],3,,,,,,,3400,3200,mV,,,
,,,PP3V3_PDC_V_200mA_Load,callRPCFunc,"{""command"": ""mixdevice.measureVoltageWithDMM"", ""args"": [""ch0"", ""7000mv"", ""DUT_PP3V3_PDC_TO_DMMCH0"", 5, 1, 1]}",,3,,,,,,,3350,3150,mV,,,
,,,Buck_3V3_Output_Current_Load_200mA,callRPCFunc,"{""command"": ""mixdevice.measure_eload_current_ma""}",[Buck_3V3_Output_Current_3V3],3,,,,,,,210,190,mA,,,
,,,Ripple_Load_200mA,dmmMeasureRipple,"{""net"": ""DUT_PP3V3_AON_SNS_TO_DMMCH0"", ""channel"": ""ch0"", ""scope"": ""7000mv"", ""sampleRate"": 1000, ""duration"": 1500, ""resolution"": 0.05, ""fileName"":""PP3V3_Ripple_200mA_load.csv""}",,20,,,,,,,10,0,mV,,,
,,,Eff_Load_200mA,calculate,"{""inputs"":[$[Buck_3V3_Output_Current_3V3],$[PP3V3_AON_V_Load_200mA_3V3], $[VSYS_I_Load_200mA_3V3],$[PP_VSYS_I_No_Load_3V3] , $[VSYS_V_Load_200mA_3V3]],""expression"":""((%s*%s)/((%s-%s)*%s))*100""}",,3,,,,,,,94,89,%,,,
,,,Eload1_Disable,callRPCFunc,"{""command"": ""mixdevice.set_eload_current_ma"", ""args"": [0]}",,3,,,,,,,,,,,,
,,,Delay_2000ms,delay,2000,,3,,,,,,,,,,,,
,,,Relay_Disconnect_DUT_PP3V3_PDC_TO_E_LOAD_1_INPUT5,callRPCFunc,"{""command"": ""mixdevice.relay"", ""args"": [""DUT_PP3V3_PDC_TO_E_LOAD_1_INPUT5"", ""DISCONNECT""]}",,3,,,,,,,,,,,,

,Buck_1V8,Load_10mA_1V8,,,,,,Y,Y,,,,,,,,,,
,,,Relay_Connect_DUT_NRF2SYS_SHDN_1KPULLDOWN,callRPCFunc,"{""command"": ""mixdevice.relay"", ""args"": [""DUT_NRF2SYS_SHDN_1KPULLDOWN""]}",,3,,,,,,,,,,,,
,,,PP_VSYS_I_No_Load,measureCurrentByPSU,"{""module"": ""battery"", ""count"": 2, ""max_range"": 10, ""disLvs"": 1}",[PP_VSYS_I_No_Load_1V8],3,,,,,,,2,0.01,mA,,,
,,,Relay_Connect_DUT_PP1V83_TO_E_LOAD_1_INPUT6,callRPCFunc,"{""command"": ""mixdevice.relay"", ""args"": [""DUT_PP1V83_TO_E_LOAD_1_INPUT6""]}",,3,,,,,,,,,,,,
,,,Eload1_Enable_10mA_PP1V83,callRPCFunc,"{""command"": ""mixdevice.set_eload_current_ma"", ""args"": [10]}",,3,,,,,,,,,,,,
,,,Delay_1000ms_1,delay,1000,,3,,,,,,,,,,,,
,,,PP1V83_AON_V_10mA_Load,callRPCFunc,"{""command"": ""mixdevice.measureVoltageWithDMM"", ""args"": [""ch0"", ""7000mv"", ""DUT_PP1V83_AON_SNS_TO_DMMCH0"", 5, 1, 1]}",,3,,,,,,,1900,1750,mV,,,
,,,PP1V83_V_10mA_Load,callRPCFunc,"{""command"": ""mixdevice.measureVoltageWithDMM"", ""args"": [""ch0"", ""7000mv"", ""DUT_PP1V83_TO_DMMCH0"", 5, 1, 1]}",,3,,,,,,,1850,1700,mV,,,
,,,PP_VSYS_I_10mA_Load,measureCurrentByPSU,"{""module"": ""battery"", ""count"": 2, ""max_range"": 10, ""disLvs"": 1}",,3,,,,,,,5,2,mA,,,
,,,Ripple_10mA_Load,callRPCFunc,"{""command"": ""mixdevice.ripple_measure"", ""args"": [""10K"", ""DUT_PP1V83_AON_SNS_TO_RIPPLE_BOARD""]}",,9,,,,,,,50,0,mV,,,
,,,Eload1_Disable,callRPCFunc,"{""command"": ""mixdevice.set_eload_current_ma"", ""args"": [0]}",,3,,,,,,,,,,,,
,,,Delay_1000ms_2,delay,1000,,3,,,,,,,,,,,,
,,,Relay_Disconnect_DUT_PP1V83_TO_E_LOAD_1_INPUT6,callRPCFunc,"{""command"": ""mixdevice.relay"", ""args"": [""DUT_PP1V83_TO_E_LOAD_1_INPUT6"", ""DISCONNECT""]}",,3,,,,,,,,,,,,

,Buck_1V8,Load_200mA_1V8_AON,,,,,,Y,Y,,,,,,,,,,
,,,Relay_Connect_DUT_PP1V83_AON_TO_E_LOAD_1_INPUT4,callRPCFunc,"{""command"": ""mixdevice.relay"", ""args"": [""DUT_PP1V83_AON_TO_E_LOAD_1_INPUT4""]}",,3,,,,,,,,,,,,
,,,Eload1_Enable_200mA_PP1V83_AON,callRPCFunc,"{""command"": ""mixdevice.set_eload_current_ma"", ""args"": [200]}",,3,,,,,,,,,,,,
,,,Delay_1000ms_1,delay,1000,,3,,,,,,,,,,,,
,,,PP_VSYS_V_Load_200mA,callRPCFunc,"{""command"": ""mixdevice.measureVoltageWithDMM"", ""args"": [""ch0"", ""7000mv"", ""DUT_PP_VSYS_SNS_TO_DMMCH0"", 5, 1, 1]}",[VSYS_V_Load_200mA_1V8],3,,,,,,,8100,7900,mV,,,
,,,PP_VSYS_I_Load_200mA,measureCurrentByPSU,"{""module"": ""battery"", ""count"": 2, ""disLvs"": 1}",[VSYS_I_Load_200mA_1V8],3,,,,,,,70,30,mA,,,
,,,PP1V83_AON_V_200mA_Load,callRPCFunc,"{""command"": ""mixdevice.measureVoltageWithDMM"", ""args"": [""ch0"", ""7000mv"", ""DUT_PP1V83_AON_SNS_TO_DMMCH0"", 5, 1, 1]}",,3,,,,,,,1900,1750,mV,,,
,,,PP1V83_V_200mA_Load,callRPCFunc,"{""command"": ""mixdevice.measureVoltageWithDMM"", ""args"": [""ch0"", ""7000mv"", ""DUT_PP1V83_TO_DMMCH0"", 5, 1, 1]}",[PP1V8_V_Load_200mA],3,,,,,,,1900,1750,mV,,,
,,,Buck_1V83_Output_Current_Load_200mA,callRPCFunc,"{""command"": ""mixdevice.measure_eload_current_ma""}",[Buck_1V8_Output_Current],3,,,,,,,210,190,mA,,,
,,,Ripple_Load_200mA,callRPCFunc,"{""command"": ""mixdevice.ripple_measure"", ""args"": [""10K"", ""DUT_PP1V83_AON_SNS_TO_RIPPLE_BOARD""]}",,9,,,,,,,12,1,mV,,,
,,,Eff_Load_200mA,calculate,"{""inputs"":[$[Buck_1V8_Output_Current],$[PP1V8_V_Load_200mA], $[VSYS_I_Load_200mA_1V8],$[PP_VSYS_I_No_Load_1V8], $[VSYS_V_Load_200mA_1V8]],""expression"":""((%s*%s)/((%s-%s)*%s))*100""}",,3,,,,,,,95,80,%,,,
,,,Eload1_Disable,callRPCFunc,"{""command"": ""mixdevice.set_eload_current_ma"", ""args"": [0]}",,3,,,,,,,,,,,,
,,,Delay_1000ms_2,delay,1000,,3,,,,,,,,,,,,
,,,Relay_Disconnect_DUT_PP1V83_AON_TO_E_LOAD_1_INPUT4,callRPCFunc,"{""command"": ""mixdevice.relay"", ""args"": [""DUT_PP1V83_AON_TO_E_LOAD_1_INPUT4"", ""DISCONNECT""]}",,3,,,,,,,,,,,,
,,,Relay_Disconnect_DUT_NRF2SYS_SHDN_1KPULLDOWN,callRPCFunc,"{""command"": ""mixdevice.relay"", ""args"": [""DUT_NRF2SYS_SHDN_1KPULLDOWN"", ""DISCONNECT""]}",,3,,,,,,,,,,,,

,I2C_Device_Scan,I2C_Scan,,,,,,Y,Y,,,,,,,,,Y,
,,,Relay_Connect_DUT_USBUART_EN,callRPCFunc,"{""command"": ""mixdevice.relay"", ""args"": [""DUT_USBUART_EN""]}",,3,,,,,,,,,,,,
,,,Detect_Diags,detectDiags,"{""targetString"": ""32muart""}",,1,,,,,,,,,,,,
,,,I2C0_NRF_ACCEL_A51_Scan,scanI2C,"{""command"": ""i2c scan i2c@c6000"", ""needParse"": ""TRUE""}",[diags_output],3,,,,,,,,,,,,
,,,I2C0_NRF_ACCEL_A51_Scan_Device1,getValueByKey,"{""inputTable"": $[diags_output], ""key"": ""Device1""}",,3,,,,,,,,0x10,string,,,
,,,I2C0_NRF_ACCEL_A51_Scan_Device2,getValueByKey,"{""inputTable"": $[diags_output], ""key"": ""Device2""}",,3,,,,,,,,0x18,string,,,
,,,I2C1_NRF_CPS_Scan,scanI2C,"{""command"": ""i2c scan i2c@c7000"", ""needParse"": ""TRUE""}",,3,,,,,,,,0x30,string,,,
,,,I2C2_NRF_CHGR_Scan,scanI2C,"{""command"": ""i2c scan i2c@c8000"", ""needParse"": ""TRUE""}",,3,,,,,,,,0x6b,string,,,
,,,I2C3_NRF_BMU_Scan,scanI2C,"{""command"": ""i2c scan i2c@ed000"", ""needParse"": ""TRUE""}",,3,,,,,,,,0x55,string,,,
,,,I2C4_NRF_PDC_ULPOD_Scan,scanUlpod,"{""command"": ""i2c scan i2c@ee000"", ""needParse"": ""TRUE"", ""delimiter"": ""[m"", ""net"":""ULPOD_I2C_SCAN_RELAY""}",[diags_output],3,,,,,,,,,,,,
,,,I2C4_NRF_PDC_ULPOD_Scan_Device1,getValueByKey,"{""inputTable"": $[diags_output], ""key"": ""Device1""}",,3,,,,,,,,0x08,string,,,
,,,I2C4_NRF_PDC_ULPOD_Scan_Device2,getValueByKey,"{""inputTable"": $[diags_output], ""key"": ""Device2""}",,3,,,,,,,,0x20,string,,,
,,,ACCEL_Self_Test,accelSelfTest,,[ACCEL_Data],3,,,,,,,,,,,,
,,,X_Self_Test,getValueByKey,"{""inputTable"": $[ACCEL_Data], ""key"": ""x""}",,3,,,,,,,1500,70,,,,
,,,Y_Self_Test,getValueByKey,"{""inputTable"": $[ACCEL_Data], ""key"": ""y""}",,3,,,,,,,1500,70,,,,
,,,Z_Self_Test,getValueByKey,"{""inputTable"": $[ACCEL_Data], ""key"": ""z""}",,3,,,,,,,1500,70,,,,
,LED,PP_VSYS_I,,,,,,Y,Y,,,,,,,,,,
,,,PP_VSYS_I_LED_OFF,measureCurrentByPSU,"{""module"": ""battery"", ""count"": 2, ""max_range"": 10, ""disUart"":1}",[PP_VSYS_I_No_Load_LED],3,,,,,,,2,0.1,mA,,,
,LED,LED_WHITE,,,,,,Y,Y,,,,,,,,,,
,,,LED_WHITE_ON,diags,"{""command"": ""led on w"", ""expect"":""led on w"", ""delimiter"": ""[m""}",,3,,,,,,,,,,,,
,,,Delay_1000ms,delay,1000,,3,,,,,,,,,,,,
,,,VSYS_I_LED_WHITE_ON,measureCurrentByPSU,"{""module"": ""battery"", ""count"": 2, ""max_range"": 10, ""disUart"":1}",[VBAT_I_LED_WHITE_ON],3,,,,,,,10,3,mA,,,
,,,DELTA_I_LED_WHITE_ON,calculate,"{""inputs"":[$[VBAT_I_LED_WHITE_ON],$[PP_VSYS_I_No_Load_LED]],""expression"":""%s-%s""}",,3,,,,,,,10,3,mA,,,
,,,Measure_LED_WHITE_E,measureVoltageByDMM,"{""command"": ""mixdevice.measureVoltageWithDMM"", ""args"": [""ch0"", ""7000mv"", ""DUT_LED_WHITE_E_TO_DMMCH0"", 5, 1, 1]}",[White_E],3,,,,,,,1000,500,mV,,,
,,,Calculate_LED_WHITE_Current,calculate,"{""inputs"":[$[White_E],100],""expression"":""%s/%s""}",,3,,,,,,,10,5,mA,,,
,,,LED_WHITE_OFF,diags,"{""command"": ""led off w"", ""expect"":""led off w""}",,3,,,,,,,,,,,,
,LED,LED_RED,,,,,,Y,Y,,,,,,,,,,
,,,LED_RED_ON,diags,"{""command"": ""led on r"", ""expect"":""led on r""}",,3,,,,,,,,,,,,
,,,Delay_1000ms,delay,1000,,3,,,,,,,,,,,,
,,,VSYS_I_LED_RED_ON,measureCurrentByPSU,"{""module"": ""battery"", ""count"": 1, ""max_range"": 5000, ""disUart"":1, ""special"":1}",[VBAT_I_LED_RED_ON],3,,,,,,,10,3,mA,,,
,,,DELTA_I_LED_RED_ON,calculate,"{""inputs"":[$[VBAT_I_LED_RED_ON],$[PP_VSYS_I_No_Load_LED]],""expression"":""%s-%s""}",,3,,,,,,,10,3,mA,,,
,,,Measure_LED_RED_E,measureVoltageByDMM,"{""command"": ""mixdevice.measureVoltageWithDMM"", ""args"": [""ch0"", ""7000mv"", ""DUT_LED_RED_E_TO_DMMCH0"", 5, 1, 1]}",[Red_E],3,,,,,,,1000,500,mV,,,
,,,Calculate_LED_RED_Current,calculate,"{""inputs"":[$[Red_E],100],""expression"":""%s/%s""}",,3,,,,,,,10,5,mA,,,
,,,LED_RED_OFF,diags,"{""command"": ""led off r"", ""expect"":""led off r""}",,3,,,,,,,,,,,,
,LED,LED_GREEN,,,,,,Y,Y,,,,,,,,,,
,,,LED_GREEN_ON,diags,"{""command"": ""led on g"", ""expect"":""led on g""}",,3,,,,,,,,,,,,
,,,Delay_1000ms,delay,1000,,3,,,,,,,,,,,,
,,,VSYS_I_LED_GREEN_ON,measureCurrentByPSU,"{""module"": ""battery"", ""count"": 2, ""max_range"": 10, ""disUart"":1}",[VBAT_I_LED_GREEN_ON],3,,,,,,,10,3,mA,,,
,,,DELTA_I_LED_GREEN_ON,calculate,"{""inputs"":[$[VBAT_I_LED_GREEN_ON],$[PP_VSYS_I_No_Load_LED]],""expression"":""%s-%s""}",,3,,,,,,,10,3,mA,,,
,,,Measure_LED_GREEN_E,measureVoltageByDMM,"{""command"": ""mixdevice.measureVoltageWithDMM"", ""args"": [""ch0"", ""7000mv"", ""DUT_LED_GREEN_E_TO_DMMCH0"", 5, 1, 1]}",[Green_E],3,,,,,,,1000,500,mV,,,
,,,Calculate_LED_GREEN_Current,calculate,"{""inputs"":[$[Green_E],100],""expression"":""%s/%s""}",,3,,,,,,,10,5,mA,,,
,,,LED_GREEN_OFF,diags,"{""command"": ""led off g"", ""expect"":""led off g""}",,3,,,,,,,,,,,,
,LED,LED_BLUE,,,,,,Y,Y,,,,,,,,,,
,,,LED_BLUE_ON,diags,"{""command"": ""led on b"", ""expect"":""led on b""}",,3,,,,,,,,,,,,
,,,Delay_1000ms,delay,1000,,3,,,,,,,,,,,,
,,,VSYS_I_LED_BLUE_ON,measureCurrentByPSU,"{""module"": ""battery"", ""count"": 2, ""max_range"": 10, ""disUart"":1}",[VBAT_I_LED_BLUE_ON],3,,,,,,,10,3,mA,,,
,,,DELTA_I_LED_BLUE_ON,calculate,"{""inputs"":[$[VBAT_I_LED_BLUE_ON],$[PP_VSYS_I_No_Load_LED]],""expression"":""%s-%s""}",,3,,,,,,,10,3,mA,,,
,,,Measure_LED_BLUE_E,measureVoltageByDMM,"{""command"": ""mixdevice.measureVoltageWithDMM"", ""args"": [""ch0"", ""7000mv"", ""DUT_LED_BLUE_E_TO_DMMCH0"", 5, 1, 1]}",[Blue_E],3,,,,,,,1000,500,mV,,,
,,,Calculate_LED_BLUE_Current,calculate,"{""inputs"":[$[Blue_E],100],""expression"":""%s/%s""}",,3,,,,,,,10,5,mA,,,
,,,LED_BLUE_OFF,diags,"{""command"": ""led off b"", ""expect"":""led off b""}",,3,,,,,,,,,,,,
,,,Delay_1000ms_5,delay,1000,,3,,,,,,,,,,,,
,LED,PP5V_OFF,,,,,,Y,Y,,,,,,,,,,
,,,Config_NRF2SYS_SHDN_Output,diags,"{""command"": ""gpio conf gpio0 9 o"", ""expect"":""gpio0 9 o""}",,3,,,,,,,,,,,,
,,,Measure_LED_BLUE_K_Voltage,callRPCFunc,"{""command"": ""mixdevice.measureVoltageWithDMM"", ""args"": [""ch0"", ""7000mv"", ""DUT_LED_BLUE_K_TO_DMMCH0"", 5, 1, 1]}",,3,,,,,,,4000,2000,mV,,,
,,,Set_NRF2SYS_SHDN_H,diags,"{""command"": ""gpio set gpio0 9 1"", ""expect"":""gpio0 9 1""}",,3,,,,,,,,,,,,
,,,Delay_1000ms,delay,1000,,3,,,,,,,,,,,,
,,,Measure_LED_BLUE_K_Voltage_0,callRPCFunc,"{""command"": ""mixdevice.measureVoltageWithDMM"", ""args"": [""ch0"", ""7000mv"", ""DUT_LED_BLUE_K_TO_DMMCH0"", 5, 1, 1]}",,3,,,,,,,10,-10,mV,,,
,,,Set_NRF2SYS_SHDN_L,diags,"{""command"": ""gpio set gpio0 9 0"", ""expect"":""gpio0 9 0""}",,3,,,,,,,,,,,,

,HALFDOME,FW_RST,,,,,,Y,Y,,,,,,,,,,
,,,Relay_Connect_HD_CHG_ILIM_HIZ_L_TO_GND,callRPCFunc,"{""command"": ""mixdevice.relay"", ""args"": [""DUT_HD_CHG_ILIM_HIZ_L_0KPULLDOWN""]}",,3,,,,,,,,,,,,
,,,Relay_Connect_DUT_SYS_RST_TO_PULSE1_IN,callRPCFunc,"{""command"": ""mixdevice.relay"", ""args"": [""DUT_SYS_RST_TO_PULSE1_IN""]}",,3,,,,,,,,,,,,
,,,Start_Pulse_Measure,callRPCFunc,"{""command"": ""mixdevice.trboardStartMeasure"", ""args"": [0, 9, 9]}",,3,,,,,,,,,,,,
,,,Config_FW_TRIGGERED_SYS_RST_Output,diags,"{""command"": ""gpio conf gpio2 3 o"", ""expect"":""gpio2 3 o""}",,3,,,,,,,,,,,,
,,,Read_FW_RST_0,diags,"{""command"": ""gpio get gpio2 3"", ""expect"":""gpio2 3"", ""needParse"": ""TRUE"", ""stringLimit"": ""0""}",,3,,,,,,,,0,string,,,
,,,Set_FW_TRIGGERED_SYS_RST_H,cmdOnly,"{""command"": ""gpio set gpio2 3 1""}",,1,,,,,,,,,,,,
,,,Measure_SYS_RST_PULSE_TIME,callRPCFunc,"{""command"": ""mixdevice.trboardStopMeasure"", ""args"": [0, 2], ""tableIndex"": 1, ""csvUnit"": ""ns""}",,5,,,,,,,22,18,ms,,,
,,,Delay_1000ms,delay,1000,,3,,,,,,,,,,,,
,,,Detect_Diags,detectDiags,"{""targetString"": ""32muart""}",,1,,,,,,,,,,,,
,,,Read_FW_RST_0_After_RST,diags,"{""command"": ""gpio get gpio2 3"", ""expect"":""gpio2 3"", ""needParse"": ""TRUE"", ""stringLimit"": ""0""}",,3,,,,,,,,0,string,,,
,HALFDOME,WTD_PET,,,,,,Y,Y,,,,,,,,,,
,,,Relay_Connect_DUT_HD_WTD_FLG_NRF_TO_DMMCH0,callRPCFunc,"{""command"": ""mixdevice.relay"", ""args"": [""DUT_HD_WTD_FLG_NRF_TO_DMMCH0""]}",,3,,,,,,,,,,,,
,,,Config_WTD_FLG_Input,diags,"{""command"": ""gpio conf gpio3 9 i"", ""expect"":""gpio3 9 i""}",,3,,,,,,,,,,,,
,,,Read_WTD_FLG,diags,"{""command"": ""gpio get gpio3 9"", ""expect"":""gpio3 9"", ""needParse"": ""TRUE"", ""stringLimit"": ""0""}",,3,,,,,,,,0,string,,,
,,,Set_NRF_HD_WTD_PET_L,diags,"{""command"": ""halfdome halfdome00 wdt_pet 0"", ""expect"":""wdt_pet 0""}",,3,,,,,,,,,,,,
,,,Delay_6000ms,delay,6000,,9,,,,,,,,,,,,
,,,Start_Pulse_Measure,callRPCFunc,"{""command"": ""mixdevice.trboardStartMeasure"", ""args"": [0, 9, 9]}",,3,,,,,,,,,,,,
,,,Start_Sampling_HD_WTD_FLG_NRF,callRPCFunc,"{""command"": ""mixdevice.startDatalogger"", ""args"": [""dmm"", ""ch0"", 1000]}",,3,,,,,,,,,,,,
,,,Measure_SYS_RST_PULSE_TIME,callRPCFunc,"{""command"": ""mixdevice.trboardStopMeasure"", ""args"": [0, 4], ""tableIndex"": 1, ""csvUnit"": ""ns""}",,5,,,,,,,22,18,ms,,,
,,,Get_WTD_FLG_Pulse_Data,dmmStopDatalogger,"{""module"": ""dmm"", ""channel"": ""ch0"", ""fileName"":""WTD_FLG_Pulse""}",[WTD_FLG_Path],20,,,,,,,,,,,,
,,,Measure_WTD_FLG,calculatePulseTime,"{""filePath"": $[WTD_FLG_Path], ""sampleRate"": 1000, ""highLevel"": 1800, ""raiseFlg"":1}",,20,,,,,,,1900,1700,mV,,,
,,,Relay_Disconnect_DUT_HD_WTD_FLG_NRF_TO_DMMCH0,callRPCFunc,"{""command"": ""mixdevice.relay"", ""args"": [""DUT_HD_WTD_FLG_NRF_TO_DMMCH0"", ""DISCONNECT""]}",,3,,,,,,,,,,,,
,,,Detect_Diags,detectDiags,"{""targetString"": ""32muart""}",,1,,,,,,,,,,,,
,,,Set_NRF_HD_WTD_PET_H,diags,"{""command"": ""halfdome halfdome00 wdt_pet 1"", ""expect"":""wdt_pet 1""}",,3,,,,,,,,,,,,
,,,Config_WTD_FLG_Input_After_WTD_PET_H,diags,"{""command"": ""gpio conf gpio3 9 i"", ""expect"":""gpio3 9 i""}",,3,,,,,,,,,,,,
,,,Read_WTD_FLG_After_WTD_PET_H,diags,"{""command"": ""gpio get gpio3 9"", ""expect"":""gpio3 9"", ""needParse"": ""TRUE"", ""stringLimit"": ""0""}",,3,,,,,,,,0,string,,,
,HALFDOME,WTD_DIS,,,,,,Y,Y,,,,,,,,,,
,,,Set_NRF_HD_WTD_DIS_H,diags,"{""command"": ""halfdome halfdome00 wdt_dis 1"", ""expect"":""wdt_dis 1""}",,3,,,,,,,,,,,,
,,,Set_NRF_HD_WTD_PET_L,diags,"{""command"": ""halfdome halfdome00 wdt_pet 0"", ""expect"":""wdt_pet 0""}",,3,,,,,,,,,,,,
,,,Delay_9000ms,delay,9000,,9,,,,,,,,,,,,
,,,Check_System_Not_Reboot,checkIfSysBoot,,,3,,,,,,,,Not_Reboot,string,,,
,,,Resume_NRF_HD_WTD_PET,diags,"{""command"": ""halfdome halfdome00 wdt_pet 1"", ""expect"":""wdt_pet 1""}",,3,,,,,,,,,,,,
,,,Set_NRF_HD_WTD_DIS_L,diags,"{""command"": ""halfdome halfdome00 wdt_dis 0"", ""expect"":""wdt_dis 0""}",,3,,,,,,,,,,,,
,HALFDOME,TEMP_RST,,,,,,Y,Y,,,,,,,,,,
,,,Drive_OVER_TEMP_COMP_OUT_H,callRPCFunc,"{""command"": ""mixdevice.relay"", ""args"": [""DUT_OVER_TEMP_COMP_OUT_1KPULLUP""]}",,3,,,,,,,,,,,,
,,,Read_RST_WARN_NRF_INT_H,readRSTWarn,"{""command"": ""gpio get gpio3 4"", ""expect"":""gpio3 4"", ""needParse"": ""TRUE"", ""stringLimit"": ""1""}",,3,,,,,,,,1,string,,,
,,,Measure_PP3V3_PDC,callRPCFunc,"{""command"": ""mixdevice.measureVoltageWithDMM"", ""args"": [""ch0"", ""7000mv"", ""DUT_PP3V3_PDC_TO_DMMCH0"", 5, 1, 1]}",,3,,,,,,,10,-10,mV,,,
,,,Delay_2500ms,delay,2500,,9,,,,,,,,,,,,
,,,Measure_Voltage_SYS_RST,callRPCFunc,"{""command"": ""mixdevice.measureVoltageWithDMM"", ""args"": [""ch0"", ""7000mv"", ""DUT_SYS_RST_TO_DMMCH0"", 5, 1, 1]}",,3,,,,,,,1950,1700,mV,,,
,,,Drive_OVER_TEMP_COMP_OUT_L,callRPCFunc,"{""command"": ""mixdevice.relay"", ""args"": [""DUT_OVER_TEMP_COMP_OUT_1KPULLUP"", ""DISCONNECT""]}",,3,,,,,,,,,,,,
,,,Relay_Disconnect_HD_CHG_ILIM_HIZ_L_TO_GND,callRPCFunc,"{""command"": ""mixdevice.relay"", ""args"": [""DUT_HD_CHG_ILIM_HIZ_L_0KPULLDOWN"", ""DISCONNECT""]}",,3,,,,,,,,,,,,
,,,Delay_3000ms,delay,3000,,9,,,,,,,,,,,,

,HALFDOME,BTN_RST_EXIT_SHIP,,,,,,Y,Y,,,,,,,,,,
,,,Detect_Diags,detectDiags,"{""targetString"": ""32muart""}",,1,,,,,,,,,,,,
,,,Config_CHRG_CLR_Output,diags,"{""command"": ""gpio conf gpio1 10 o"", ""expect"":""gpio1 10 o"", ""delimiter"": ""[m""}",,3,,,,,,,,,,,,
,,,Set_CHRG_CLR_H,diags,"{""command"": ""gpio set gpio1 10 1"", ""expect"":""gpio1 10 1"", ""delimiter"": ""[m""}",,3,,,,,,,,,,,,
,,,Pull_Up_BTN_BMU_WAKE_L,callRPCFunc,"{""command"": ""mixdevice.relay"", ""args"": [""DUT_BTN_BMU_WAKE_L_1KPULLUP""]}",,3,,,,,,,,,,,,
,,,Measure_Pull_Up_BTN_BMU_WAKE_L,callRPCFunc,"{""command"": ""mixdevice.measureVoltageWithDMM"", ""args"": [""ch0"", ""7000mv"", ""DUT_BTN_BMU_WAKE_L_TO_DMMCH0"", 5, 1, 1]}",,3,,,,,,,1900,1700,mV,,,
,,,Config_RST_WARN_NRF_INT_Input,diags,"{""command"": ""gpio conf gpio3 4 i"", ""expect"":""gpio3 4 i"", ""delimiter"": ""[m""}",,3,,,,,,,,,,,,
,,,Config_HD_BTN_NRF_007_Input,diags,"{""command"": ""gpio conf gpio0 7 i"", ""expect"":""gpio0 7 i""}",,3,,,,,,,,,,,,
,,,Read_RST_WARN_NRF_INT_L,diags,"{""command"": ""gpio get gpio3 4"", ""expect"":""gpio3 4"", ""needParse"": ""TRUE"", ""stringLimit"": ""0""}",,3,,,,,,,,0,string,,,
,,,Read_HD_BTN_NRF_007_H,diags,"{""command"": ""gpio get gpio0 7"", ""expect"":""gpio0 7"", ""needParse"": ""TRUE"", ""stringLimit"": ""1""}",,3,,,,,,,,1,string,,,
,,,Measure_HD_CHG_ILIM_HIZ_L_0,callRPCFunc,"{""command"": ""mixdevice.measureVoltageWithDMM"", ""args"": [""ch0"", ""7000mv"", ""DUT_HD_CHG_ILIM_HIZ_L_TO_DMMCH0"", 5, 1, 1]}",,3,,,,,,,10,-10,mV,,,
,,,Release_BTN_BMU_WAKE_L,callRPCFunc,"{""command"": ""mixdevice.relay"", ""args"": [""DUT_BTN_BMU_WAKE_L_1KPULLUP"", ""DISCONNECT""]}",,3,,,,,,,,,,,,
,,,Pull_Down_BUTTON_CONN,callRPCFunc,"{""command"": ""mixdevice.relay"", ""args"": [""DUT_BUTTON_CONN_1KPULLDOWN""]}",,3,,,,,,,,,,,,
,,,Read_HD_BTN_NRF_007_L,diags,"{""command"": ""gpio get gpio0 7"", ""expect"":""gpio0 7"", ""needParse"": ""TRUE"", ""stringLimit"": ""0""}",,3,,,,,,,,0,string,,,
,,,Delay_2500ms,delay,2500,,3,,,,,,,,,,,,
,,,Measure_BTN_BMU_WAKE_L,callRPCFunc,"{""command"": ""mixdevice.measureVoltageWithDMM"", ""args"": [""ch0"", ""7000mv"", ""DUT_BTN_BMU_WAKE_L_TO_DMMCH0"", 5, 1, 1]}",,3,,,,,,,500,0,mV,,,
,,,Delay_11500ms,delay,11500,,3,,,,,,,,,,,,
,,,Relay_Connect_PP3V3_PDC_TO_DMMCH0,callRPCFunc,"{""command"": ""mixdevice.relay"", ""args"": [""DUT_PP3V3_PDC_TO_DMMCH0""]}",,3,,,,,,,,,,,,
,,,Start_Pulse_Measure,callRPCFunc,"{""command"": ""mixdevice.trboardStartMeasure"", ""args"": [0, 9, 9]}",,3,,,,,,,,,,,,
,,,Read_RST_WARN_NRF_INT_H,readRSTWarn,"{""command"": ""gpio get gpio3 4"", ""expect"":""gpio3 4"", ""needParse"": ""TRUE"", ""stringLimit"": ""1""}",,3,,,,,,,,1,string,,,
,,,Dmm_Sampling_PP3V3_PDC,dmmDatalogger,"{""channel"": ""ch0"", ""scope"": ""7000mv"", ""sampleRate"": 5000, ""duration"": 3000, ""fileName"":""PP3V3_PDC_Pulse.csv""}",[PDC_File],20,,,,,,,,,,,,
,,,Measure_PP3V3_PDC_Pulse_Time,calculatePulseTime,"{""filePath"": $[PDC_File], ""sampleRate"": 5000, ""highLevel"": 3300}",,20,,,,,,,22,18,ms,,,
,,,Relay_Disonnect_PP3V3_PDC_TO_DMMCH0,callRPCFunc,"{""command"": ""mixdevice.relay"", ""args"": [""DUT_PP3V3_PDC_TO_DMMCH0"", ""DISCONNECT""]}",,3,,,,,,,,,,,,
,,,Measure_SYS_RST_PULSE_TIME,callRPCFunc,"{""command"": ""mixdevice.trboardStopMeasure"", ""args"": [0, 0.5], ""tableIndex"": 1, ""csvUnit"": ""ns""}",,5,,,,,,,22,18,ms,,,

,HALFDOME,ILIM_HIZ,,,,,,Y,Y,,,,,,,,,,
,,,Release_BUTTON_CONN,callRPCFunc,"{""command"": ""mixdevice.relay"", ""args"": [""DUT_BUTTON_CONN_1KPULLDOWN"", ""DISCONNECT""]}",,3,,,,,,,,,,,,
,,,Detect_Diags,detectDiags,"{""targetString"": ""32muart""}",,1,,,,,,,,,,,,
,,,Delay_1000ms,delay,1000,,3,,,,,,,,,,,,
,,,Measure_Voltage_HD_CHG_ILIM_HIZ_L_1,callRPCFunc,"{""command"": ""mixdevice.measureVoltageWithDMM"", ""args"": [""ch0"", ""7000mv"", ""DUT_HD_CHG_ILIM_HIZ_L_TO_DMMCH0"", 5, 1, 1]}",,3,,,,,,,1950,1700,mV,,,
,,,Config_CHRG_CLR_Output,diags,"{""command"": ""gpio conf gpio1 10 o"", ""expect"":""gpio1 10 o"", ""delimiter"": ""[m""}",,3,,,,,,,,,,,,
,,,Set_CHRG_CLR_H,diags,"{""command"": ""gpio set gpio1 10 1"", ""expect"":""gpio1 10 1"", ""delimiter"": ""[m""}",,3,,,,,,,,,,,,
,,,Delay_100ms,delay,100,,3,,,,,,,,,,,,
,,,Measure_Voltage_HD_CHG_ILIM_HIZ_L_0,callRPCFunc,"{""command"": ""mixdevice.measureVoltageWithDMM"", ""args"": [""ch0"", ""7000mv"", ""DUT_HD_CHG_ILIM_HIZ_L_TO_DMMCH0"", 5, 1, 1]}",,3,,,,,,,10,-10,mV,,,
,,,Config_NRF_305_PDC_RST_Output,diags,"{""command"": ""gpio conf gpio3 5 o"", ""delimiter"": ""[m""}",,3,,,,,,,,,,,,
,,,Set_NRF_305_PDC_RST_H,diags,"{""command"": ""gpio set gpio3 5 1"", ""expect"":""gpio3 5 1"", ""delimiter"": ""[m""}",,3,,,,,,,,,,,,
,,,Measure_PP3V3_PDC,callRPCFunc,"{""command"": ""mixdevice.measureVoltageWithDMM"", ""args"": [""ch0"", ""7000mv"", ""DUT_PP3V3_PDC_TO_DMMCH0"", 5, 1, 1]}",,3,,,,,,,10,-10,mV,,,
,,,Set_NRF_305_PDC_RST_L,diags,"{""command"": ""gpio set gpio3 5 0"", ""expect"":""gpio3 5 0"", ""delimiter"": ""[m""}",,3,,,,,,,,,,,,

,Buzzer,SINE_2P7K_Test,,,,,,Y,Y,,,,,,,,,,
,,,VBAT_I_SPKEAR_OFF,measureCurrentByPSU,"{""module"": ""battery"", ""count"": 2, ""max_range"": 10, ""disUart"":1}",[VBAT_I_SPKEAR_OFF],3,,,,,,,2,0.1,mA,,,
,,,Relay_Connect_DUT_PP_SPK_TO_DMMCH1,callRPCFunc,"{""command"": ""mixdevice.relay"", ""args"": [""DUT_PP_SPK_TO_DMMCH1""]}",,3,,,,,,,,,,,,
,,,SPKEAR_ON,cmdOnly,"{""command"": ""buzzer tone 2700 5000""}",,3,,,,,,,,,,,,
,,,VBAT_I_SPKEAR_ON,measureCurrentByPSU,"{""module"": ""battery"", ""count"": 2, ""max_range"": 5000, ""disUart"":1}",[VBAT_I_SPKEAR_ON],3,,,,,,,25,10,mA,,,
,,,Dmm_Sampling_Sine_Wave,dmmDatalogger,"{""channel"": ""ch1"", ""scope"": ""7000mv"", ""sampleRate"": 50000, ""duration"": 500}",[PATH],20,,,,,,,,,,,,
,,,DELTA_I_SPKEAR_ON,calculate,"{""inputs"":[$[VBAT_I_SPKEAR_ON],$[VBAT_I_SPKEAR_OFF]],""expression"":""%s-%s""}",,3,,,,,,,25,10,mA,,,
,,,Analyze_Audio_Data,analyzeAudioData,"{""filePath"": $[PATH],""sampleRate"": 50000}",[retTable],10,,,,,,,,,,,,
,,,Get_Audio_Freq,getValueByKey,"{""inputTable"": $[retTable], ""key"": ""frequence""}",,3,,,,,,,2800,2600,Hz,,,
,,,Get_Audio_Vpp,getValueByKey,"{""inputTable"": $[retTable], ""key"": ""vpp""}",,3,,,,,,,3600,3200,mV,,,
,,,ResetAll,callRPCFunc,"{""command"": ""mixdevice.reset""}",,3,,,,,,,,,,,,

,NRF_GPIO,OUTPUT,,,,,,Y,Y,,,,,,,,,,
,,,Relay_Connect_DUT_USBUART_EN,callRPCFunc,"{""command"": ""mixdevice.relay"", ""args"": [""DUT_USBUART_EN""]}",,3,,,,,,,,,,,,
,,,Relay_Connect_DUT_PP_VSYS_TO_PSU_BATTERY_POS1,callRPCFunc,"{""command"": ""mixdevice.relay"", ""args"": [""DUT_PP_VSYS_TO_PSU_BATTERY_POS1""]}",,3,,,,,,,,,,,,
,,,Power_On_PP_VSYS_8V,callRPCFunc,"{""command"": ""mixdevice.enable_battery_output"", ""args"": [8000, 5000]}",,3,,,,,,,,,,,,
,,,Delay_5000ms,delay,5000,,3,,,,,,,,,,,,
,,,Detect_Diags,detectDiags,"{""targetString"": ""32muart""}",,1,,,,,,,,,,,,
,,,P104_OH_CHG_QON_NRF_L,checkGPIOOutput,"{""command"": ""gpio1 4 1"", ""config"": 1,  ""net"":""DUT_CHG_QON_NRF_L_TO_DMMCH0""}",,3,,,,,,,1900,1750,mV,,,
,,,P104_OL_CHG_QON_NRF_L,checkGPIOOutput,"{""command"": ""gpio1 4 0"", ""net"":""DUT_CHG_QON_NRF_L_TO_DMMCH0""}",,3,,,,,,,50,-50,mV,,,
,,,P105_OH_NRF_BST_IN_DISCHARGE,checkGPIOOutput,"{""command"": ""gpio1 5 1"", ""config"": 1,  ""net"":""DUT_NRF_BST_IN_DISCHARGE_TO_DMMCH0""}",,3,,,,,,,1900,1750,mV,,,
,,,P105_OL_NRF_BST_IN_DISCHARGE,checkGPIOOutput,"{""command"": ""gpio1 5 0"", ""net"":""DUT_NRF_BST_IN_DISCHARGE_TO_DMMCH0""}",,3,,,,,,,50,-50,mV,,,
,,,P127_OH_NRF_VBUS_BST_EN,checkGPIOOutput,"{""command"": ""gpio1 27 1"", ""config"": 1,  ""net"":""DUT_NRF_VBUS_EFUSE_EN_TO_DMMCH0""}",,3,,,,,,,1900,1750,mV,,,
,,,P127_OL_NRF_VBUS_BST_EN,checkGPIOOutput,"{""command"": ""gpio1 27 0"",  ""net"":""DUT_NRF_VBUS_EFUSE_EN_TO_DMMCH0""}",,3,,,,,,,50,-50,mV,,,
,,,P128_OH_NRF_VSYS_BST_EN,checkGPIOOutput,"{""command"": ""gpio1 28 1"", ""config"": 1,  ""net"":""DUT_NRF_VSYS_EFUSE_EN_TO_DMMCH0""}",,3,,,,,,,1900,1750,mV,,,
,,,P128_OL_NRF_VSYS_BST_EN,checkGPIOOutput,"{""command"": ""gpio1 28 0"",  ""net"":""DUT_NRF_VSYS_EFUSE_EN_TO_DMMCH0""}",,3,,,,,,,50,-50,mV,,,
,,,P200_OH_NRF_ULPOD_SWDIO,checkGPIOOutput,"{""command"": ""gpio2 0 1"", ""config"": 1,  ""net"":""DUT_NRF_ULPOD_SWDIO_TO_DMMCH0""}",,3,,,,,,,1900,1750,mV,,,
,,,P200_OL_NRF_ULPOD_SWDIO,checkGPIOOutput,"{""command"": ""gpio2 0 0"",  ""net"":""DUT_NRF_ULPOD_SWDIO_TO_DMMCH0""}",,3,,,,,,,50,-50,mV,,,
,,,P206_OH_NRF_ULPOD_SWDCLK,checkGPIOOutput,"{""command"": ""gpio2 6 1"", ""config"": 1,  ""net"":""DUT_NRF_ULPOD_SWDCLK_TO_DMMCH0""}",,3,,,,,,,1900,1750,mV,,,
,,,P206_OL_NRF_ULPOD_SWDCLK,checkGPIOOutput,"{""command"": ""gpio2 6 0"",  ""net"":""DUT_NRF_ULPOD_SWDCLK_TO_DMMCH0""}",,3,,,,,,,50,-50,mV,,,
,,,P306_OH_NRF_306_ULPOD_RST,checkGPIOOutput,"{""command"": ""gpio3 6 1"", ""config"": 1,  ""net"":""DUT_NRF_306_ULPOD_RST_TO_DMMCH0""}",,3,,,,,,,1900,1750,mV,,,
,,,P306_OL_NRF_306_ULPOD_RST,checkGPIOOutput,"{""command"": ""gpio3 6 0"",  ""net"":""DUT_NRF_306_ULPOD_RST_TO_DMMCH0""}",,3,,,,,,,50,-50,mV,,,
,,,P307_OH_NRF_VSYS_DISCHARGE,checkGPIOOutput,"{""command"": ""gpio3 7 1"", ""config"": 1,  ""net"":""DUT_NRF_VSYS_DISCHARGE_TO_DMMCH0""}",,3,,,,,,,1900,1750,mV,,,
,,,P307_OL_NRF_VSYS_DISCHARGE,checkGPIOOutput,"{""command"": ""gpio3 7 0"",  ""net"":""DUT_NRF_VSYS_DISCHARGE_TO_DMMCH0""}",,3,,,,,,,50,-50,mV,,,
,,,P308_OH_NRF_VBST_DISCHARGE,checkGPIOOutput,"{""command"": ""gpio3 8 1"", ""config"": 1,  ""net"":""DUT_NRF_VBST_DISCHARGE_TO_DMMCH0""}",,3,,,,,,,1900,1750,mV,,,
,,,P308_OL_NRF_VBST_DISCHARGE,checkGPIOOutput,"{""command"": ""gpio3 8 0"",  ""net"":""DUT_NRF_VBST_DISCHARGE_TO_DMMCH0""}",,3,,,,,,,50,-50,mV,,,
,,,P312_OH_NRF_312_CPS_PWRDN,checkGPIOOutput,"{""command"": ""gpio3 12 1"", ""config"": 1,  ""net"":""DUT_NRF_312_CPS_PWRDOWN_TO_DMMCH0""}",,3,,,,,,,1900,1750,mV,,,
,,,P312_OL_NRF_312_CPS_PWRDN,checkGPIOOutput,"{""command"": ""gpio3 12 0"",  ""net"":""DUT_NRF_312_CPS_PWRDOWN_TO_DMMCH0""}",,3,,,,,,,50,-50,mV,,,
,NRF_GPIO,INPUT,,,,,,Y,Y,,,,,,,,,,
,,,P000_IH_PDC_INT_NRF,readDUTSensor,"{""command"": ""gpio get gpio0 0"", ""config"": 1, ""expect"":""gpio0 0"", ""needParse"": ""TRUE"", ""delimiter"": ""^1"", ""net"": ""DUT_PDC_INT_NRF_000_1KPULLUP"", ""stringLimit"": ""1""}",,3,,,,,,,,1,string,,,
,,,P000_IL_PDC_INT_NRF,readDUTSensor,"{""command"": ""gpio get gpio0 0"", ""expect"":""gpio0 0"", ""needParse"": ""TRUE"",  ""delimiter"": ""^0"", ""net"": ""DUT_PDC_INT_NRF_000_1KPULLDOWN"", ""stringLimit"": ""0""}",,3,,,,,,,,0,string,,,
,,,P008_IH_ULPOD_INT_NRF,readDUTSensor,"{""command"": ""gpio get gpio0 8"", ""config"": 1, ""expect"":""gpio0 8"", ""needParse"": ""TRUE"", ""delimiter"": ""^1"", ""net"": ""DDUT_ULPOD_INT_NRF_L_1KPULLUP"", ""stringLimit"": ""1""}",,3,,,,,,,,1,string,,,
,,,P008_IL_ULPOD_INT_NRF,readDUTSensor,"{""command"": ""gpio get gpio0 8"", ""config"": 1, ""expect"":""gpio0 8"", ""needParse"": ""TRUE"", ""delimiter"": ""^0"", ""net"": ""DUT_ULPOD_INT_NRF_L_1KPULLDOWN"", ""stringLimit"": ""0""}",,6,,,,,,,,0,string,,,
,,,P101_IH_CPS_INT_NRF_101,readDUTSensor,"{""command"": ""gpio get gpio1 1"", ""config"": 1, ""expect"":""gpio1 1"", ""needParse"": ""TRUE"", ""delimiter"": ""^1"", ""net"": ""UT_CPS_INT_NRF_101_1KPULLUP"", ""stringLimit"": ""1""}",,3,,,,,,,,1,string,,,
,,,P101_IL_CPS_INT_NRF_101,readDUTSensor,"{""command"": ""gpio get gpio1 1"", ""config"": 1, ""expect"":""gpio1 1"", ""needParse"": ""TRUE"", ""delimiter"": ""^0"", ""net"": ""UT_CPS_INT_NRF_101_1KPULLDOWN"", ""stringLimit"": ""0""}",,6,,,,,,,,0,string,,,
,,,P103_IH_VSYS_BST_PG_NRF_L,readDUTSensor,"{""command"": ""gpio get gpio1 3"", ""config"": 1, ""expect"":""gpio1 3"", ""needParse"": ""TRUE"", ""delimiter"": ""^1"", ""net"": ""DUT_VSYS_EFUSE_PG_NRF_L_1KPULLUP"", ""stringLimit"": ""1""}",,3,,,,,,,,1,string,,,
,,,P103_IL_VSYS_BST_PG_NRF_L,readDUTSensor,"{""command"": ""gpio get gpio1 3"", ""config"": 1, ""expect"":""gpio1 3"", ""needParse"": ""TRUE"", ""delimiter"": ""^0"", ""net"": ""DUT_VSYS_EFUSE_PG_NRF_L_1KPULLDOWN"", ""stringLimit"": ""0""}",,3,,,,,,,,0,string,,,
,,,P116_IH_VBUS_BST_PG_NRF_L,readDUTSensor,"{""command"": ""gpio get gpio1 16"", ""config"": 1, ""expect"":""gpio1 16"", ""needParse"": ""TRUE"", ""delimiter"": ""^1"", ""net"": ""DUT_VBUS_EFUSE_PG_NRF_L__1KPULLUP"", ""stringLimit"": ""1""}",,3,,,,,,,,1,string,,,
,,,P116_IL_VBUS_BST_PG_NRF_L,readDUTSensor,"{""command"": ""gpio get gpio1 16"", ""expect"":""gpio1 16"", ""needParse"": ""TRUE"",  ""delimiter"": ""^0"", ""net"": ""DUT_VBUS_EFUSE_PG_NRF_L__1KPULLDOWN"", ""stringLimit"": ""0""}",,3,,,,,,,,0,string,,,
,,,P126_IH_PDC0_PD_NEG_NRF_L,readDUTSensor,"{""command"": ""gpio get gpio1 26"", ""config"": 1, ""expect"":""gpio1 26"", ""needParse"": ""TRUE"", ""delimiter"": ""^1"", ""net"": ""DUT_PDC_PD_NEG_NRF_L_1KPULLUP"", ""stringLimit"": ""1""}",,3,,,,,,,,1,string,,,
,,,P126_IL_PDC0_PD_NEG_NRF_L,readDUTSensor,"{""command"": ""gpio get gpio1 26"", ""expect"":""gpio1 26"", ""needParse"": ""TRUE"", ""delimiter"": ""^0"", ""net"": ""DUT_PDC_PD_NEG_NRF_L_1KPULLDOWN"", ""stringLimit"": ""0""}",,3,,,,,,,,0,string,,,
,,,P208_IH_CHG_CE_NRF_L,readDUTSensor,"{""command"": ""gpio get gpio2 8"", ""config"": 1, ""expect"":""gpio2 8"", ""needParse"": ""TRUE"", ""delimiter"": ""^1"", ""net"": ""DUT_CHG_CE_NRF_L_1KPULLUP"", ""stringLimit"": ""1""}",,3,,,,,,,,1,string,,,
,,,P208_IL_CHG_CE_NRF_L,readDUTSensor,"{""command"": ""gpio get gpio2 8"", ""expect"":""gpio2 8"", ""needParse"": ""TRUE"", ""delimiter"": ""^0"", ""net"": ""DUT_CHG_CE_NRF_L_1KPULLDOWN"", ""stringLimit"": ""0""}",,3,,,,,,,,0,string,,,
,,,P310_IH_CHG_STAT_NRF_310,readDUTSensor,"{""command"": ""gpio get gpio3 10"", ""config"": 1, ""expect"":""gpio3 10"", ""needParse"": ""TRUE"", ""delimiter"": ""^1"", ""net"": ""DUT_CHG_STAT_NRF_310_1KPULLUP"", ""stringLimit"": ""1""}",,3,,,,,,,,1,string,,,
,,,P310_IL_CHG_STAT_NRF_310,readDUTSensor,"{""command"": ""gpio get gpio3 10"", ""config"": 1, ""expect"":""gpio3 10"", ""needParse"": ""TRUE"", ""delimiter"": ""^0"", ""net"": ""DUT_CHG_STAT_NRF_310_1KPULLDOWN"", ""stringLimit"": ""0""}",,3,,,,,,,,0,string,,,
,,,P311_IH_CHG_INT_NRF_311,readDUTSensor,"{""command"": ""gpio get gpio3 11"", ""config"": 1, ""expect"":""gpio3 11"", ""needParse"": ""TRUE"", ""delimiter"": ""^1"", ""net"": ""DUT_CHG_INT_NRF_311_1KPULLUP"", ""stringLimit"": ""1""}",,3,,,,,,,,1,string,,,
,,,P311_IL_CHG_INT_NRF_311,readDUTSensor,"{""command"": ""gpio get gpio3 11"", ""config"": 1, ""expect"":""gpio3 11"", ""needParse"": ""TRUE"",  ""delimiter"": ""^0"", ""net"": ""DUT_CHG_INT_NRF_311_1KPULLDOWN"", ""stringLimit"": ""0""}",,3,,,,,,,,0,string,,,
,ADC_READ,VBUS,,,,,,Y,Y,,,,,,,,,,
,,,Detect_Diags,detectDiags,"{""targetString"": ""32muart""}",,1,,,,,,,,,,,,
,,,Relay_Connect_DUT_BST_NTC0_NRF_129_TO_CCS,callRPCFunc,"{""command"": ""mixdevice.relay"", ""args"": [""DUT_VBUS_ADC_NRF_106_TO_CCS""]}",,3,,,,,,,,,,,,
,,,Enable_VBUS_ADC_NRF_106_380mV,callRPCFunc,"{""command"": ""mixdevice.setup_source"", ""args"": [380, 10]}",,3,,,,,,,,,,,,
,,,Delay_1000ms_1,delay,1000,,3,,,,,,,,,,,,
,,,DMM_VBUS_ADC_NRF_106_380mV,callRPCFunc,"{""command"": ""mixdevice.measureVoltageWithDMM"", ""args"": [""ch0"", ""7000mv"", ""DUT_VBUS_ADC_NRF_106_TO_DMMCH0"", 5, 1, 1]}",,3,,,,,,,390,370,mV,,,
,,,VBUS_ADC_Read_5000mV,diags,"{""command"": ""sensor get vsns_vbus"", ""needParse"": ""TRUE"", ""delimiter"": ""[m"", ""csvUnit"":""V""}",,3,,,,,,,5500,4500,mV,,,
,,,Enable_VBUS_ADC_NRF_106_684mV,callRPCFunc,"{""command"": ""mixdevice.setup_source"", ""args"": [684, 10]}",,3,,,,,,,,,,,,
,,,Delay_1000ms_2,delay,1000,,3,,,,,,,,,,,,
,,,DMM_VBUS_ADC_NRF_106_684mV,callRPCFunc,"{""command"": ""mixdevice.measureVoltageWithDMM"", ""args"": [""ch0"", ""7000mv"", ""DUT_VBUS_ADC_NRF_106_TO_DMMCH0"", 5, 1, 1]}",,3,,,,,,,694,674,mV,,,
,,,VBUS_ADC_Read_9000mV,diags,"{""command"": ""sensor get vsns_vbus"", ""needParse"": ""TRUE"", ""csvUnit"":""V""}",,3,,,,,,,10000,8000,mV,,,
,,,Enable_VBUS_ADC_NRF_106_1140mV,callRPCFunc,"{""command"": ""mixdevice.setup_source"", ""args"": [1140, 10]}",,3,,,,,,,,,,,,
,,,Delay_1000ms_3,delay,1000,,3,,,,,,,,,,,,
,,,DMM_VBUS_ADC_NRF_106_1140mV,callRPCFunc,"{""command"": ""mixdevice.measureVoltageWithDMM"", ""args"": [""ch0"", ""7000mv"", ""DUT_VBUS_ADC_NRF_106_TO_DMMCH0"", 5, 1, 1]}",,3,,,,,,,1150,1130,mV,,,
,,,VBUS_ADC_Read_15000mV,diags,"{""command"": ""sensor get vsns_vbus"", ""needParse"": ""TRUE"", ""csvUnit"":""V""}",,3,,,,,,,16000,14000,mV,,,
,,,Disable_CCS,callRPCFunc,"{""command"": ""openshort.reset""}",,3,,,,,,,,,,,,
,,,Relay_Disconnect_DUT_BST_NTC0_NRF_129_TO_CCS,callRPCFunc,"{""command"": ""mixdevice.relay"", ""args"": [""DUT_VBUS_ADC_NRF_106_TO_CCS"", ""DISCONNECT""]}",,3,,,,,,,,,,,,
,ADC_READ,VBST,,,,,,Y,Y,,,,,,,,,,
,,,Relay_Connect_DUT_VBST_ADC_NRF_100_TO_CCS,callRPCFunc,"{""command"": ""mixdevice.relay"", ""args"": [""DUT_VBST_ADC_NRF_100_TO_CCS""]}",,3,,,,,,,,,,,,
,,,Enable_VBST_ADC_NRF_100_400mV,callRPCFunc,"{""command"": ""mixdevice.setup_source"", ""args"": [400, 10]}",,3,,,,,,,,,,,,
,,,Delay_1000ms_1,delay,1000,,3,,,,,,,,,,,,
,,,DMM_VBST_ADC_NRF_100_400mV,callRPCFunc,"{""command"": ""mixdevice.measureVoltageWithDMM"", ""args"": [""ch0"", ""7000mv"", ""DUT_VBST_ADC_NRF_100_TO_DMMCH0"", 5, 1, 1]}",,3,,,,,,,410,390,mV,,,
,,,VBST_ADC_Read_6500mV,diags,"{""command"": ""sensor get vsns_vbst"", ""needParse"": ""TRUE"", ""csvUnit"":""V""}",,3,,,,,,,7000,6000,mV,,,
,,,Enable_VBST_ADC_NRF_100_738mV,callRPCFunc,"{""command"": ""mixdevice.setup_source"", ""args"": [738, 10]}",,3,,,,,,,,,,,,
,,,Delay_1000ms_2,delay,1000,,3,,,,,,,,,,,,
,,,DMM_VBST_ADC_NRF_100_738mV,callRPCFunc,"{""command"": ""mixdevice.measureVoltageWithDMM"", ""args"": [""ch0"", ""7000mv"", ""DUT_VBST_ADC_NRF_100_TO_DMMCH0"", 5, 1, 1]}",,3,,,,,,,748,728,mV,,,
,,,VBST_ADC_Read_12000mV,diags,"{""command"": ""sensor get vsns_vbst"", ""needParse"": ""TRUE"", ""csvUnit"":""V""}",,3,,,,,,,13000,11000,mV,,,
,,,Enable_VBST_ADC_NRF_100_1107mV,callRPCFunc,"{""command"": ""mixdevice.setup_source"", ""args"": [1107, 10]}",,3,,,,,,,,,,,,
,,,Delay_1000ms_3,delay,1000,,3,,,,,,,,,,,,
,,,DMM_VBST_ADC_NRF_100_1107mV,callRPCFunc,"{""command"": ""mixdevice.measureVoltageWithDMM"", ""args"": [""ch0"", ""7000mv"", ""DUT_VBST_ADC_NRF_100_TO_DMMCH0"", 5, 1, 1]}",,3,,,,,,,1117,1097,mV,,,
,,,VBST_ADC_Read_18000mV,diags,"{""command"": ""sensor get vsns_vbst"", ""needParse"": ""TRUE"", ""csvUnit"":""V""}",,3,,,,,,,19000,17000,mV,,,

,Fixture,Teardown,,,,,,Y,Y,,,,,,,,,,
,,,ResetAll,callRPCFunc,"{""command"": ""mixdevice.reset""}",,3,,,,,,,,,,,,
,,,delay_300ms,delay,300,,3,,,,,,,,,,,,
,,,uploadFCTInfo,uploadFCTInfo,"{""overallResult"": $[overallResult],""url"":""http://10.32.36.70/api/workflowcenter/anonymous/v1/bobcat/postv2""}",,3,,,,,,,,,,,,
,,,addLogToInsight,addLogToInsight,,,3,,,,,,,,,,,,


